,City,Cloudiness,Country,Date,Humidity,Lat,Lng,Max Temp,Wind Speed
0,Hambantota,75,LK,1592705762,94,6.12,81.12,80.6,8.05
1,Cáchira,100,CO,1592705796,91,7.74,-73.05,56.93,3.51
2,Clyde River,1,CA,1592705798,93,70.47,-68.59,35.6,4.43
3,Rocha,100,UY,1592705726,91,-34.48,-54.33,54.27,11.25
4,Longyearbyen,75,SJ,1592705800,86,78.22,15.64,37.4,13.87
5,Albany,12,US,1592705706,88,42.6,-73.97,79.0,2.57
6,Ponta do Sol,40,PT,1592705802,73,32.67,-17.1,69.8,16.11
7,Salamanca,27,ES,1592705803,87,40.83,-6.0,53.6,2.24
8,Vilhena,0,BR,1592705805,72,-12.74,-60.15,68.52,3.24
9,Port Alfred,0,ZA,1592705634,90,-33.59,26.89,63.0,5.01
10,Kapaa,40,US,1592705540,66,22.08,-159.32,84.2,11.41
11,Alanya,0,TR,1592705808,56,36.54,32.0,76.66,2.64
12,Roald,100,NO,1592705544,93,62.58,6.13,62.01,4.7
13,Tiksi,0,RU,1592705811,34,71.69,128.87,68.49,5.48
14,Yellowknife,20,CA,1592705812,29,62.46,-114.35,75.2,16.11
15,Coyhaique,75,CL,1592705813,80,-45.58,-72.07,39.2,6.93
16,Ribeira Grande,13,PT,1592705814,91,38.52,-28.7,65.68,9.84
17,Punta Arenas,100,CL,1592705815,83,-53.15,-70.92,33.8,4.7
18,Bathsheba,40,BB,1592705816,78,13.22,-59.52,82.4,18.34
19,Cape Town,75,ZA,1592705817,93,-33.93,18.42,60.01,13.87
20,Mackay,40,AU,1592705819,73,-21.15,149.2,75.99,14.99
21,Hithadhoo,67,MV,1592705820,71,-0.6,73.08,83.48,7.0
22,Vestmannaeyjar,100,IS,1592705821,84,63.44,-20.27,51.21,20.76
23,Port Hardy,90,CA,1592705822,82,50.7,-127.42,57.2,8.05
24,Longyan,100,CN,1592705823,55,25.11,117.02,86.54,6.82
25,Berlevåg,0,NO,1592705824,71,70.86,29.09,47.34,3.0
26,Hermanus,15,ZA,1592705825,94,-34.42,19.23,55.99,5.99
27,Rikitea,66,PF,1592705544,86,-23.12,-134.97,74.86,17.0
28,Klaksvík,95,FO,1592705827,93,62.23,-6.59,51.8,14.99
29,Saint-Augustin,73,CA,1592705828,79,51.23,-58.65,43.29,10.25
30,Akdepe,41,TM,1592705829,27,42.06,59.38,77.0,16.11
31,Manokwari,0,ID,1592705831,64,-0.87,134.08,84.74,4.05
32,Barrow,75,US,1592705832,74,71.29,-156.79,37.4,11.41
33,Griffith,40,US,1592705574,69,41.53,-87.42,77.0,14.99
34,Nanortalik,100,GL,1592705834,83,60.14,-45.24,40.21,4.88
35,Muros,91,ES,1592705835,87,42.78,-9.06,64.0,10.0
36,Rosarito,90,MX,1592705836,82,32.33,-117.03,68.0,10.29
37,Hobart,75,AU,1592705837,93,-42.88,147.33,48.99,4.7
38,Bluff,4,NZ,1592705838,72,-46.6,168.33,46.13,6.64
39,Dudinka,40,RU,1592705839,70,69.41,86.18,48.2,15.66
40,Provideniya,0,RU,1592705841,34,64.38,-173.3,62.46,10.96
41,Katsuura,75,JP,1592705842,73,35.13,140.3,79.0,12.75
42,Avarua,100,CK,1592705763,60,-21.21,-159.78,75.2,12.75
43,Hobyo,37,SO,1592705844,69,5.35,48.53,78.57,22.86
44,Lorengau,1,PG,1592705845,72,-2.02,147.27,84.42,2.17
45,Tasiilaq,100,GL,1592705734,70,65.61,-37.64,44.6,25.28
46,Nikolskoye,0,RU,1592705847,66,59.7,30.79,55.99,8.95
47,Grindavik,75,IS,1592705848,81,63.84,-22.43,51.8,6.93
48,Bethel,1,US,1592705849,78,41.37,-73.41,73.0,3.36
49,Lüderitz,0,NA,1592705850,58,-26.65,15.16,59.0,5.82
50,Busselton,0,AU,1592705852,49,-33.65,115.33,59.0,5.39
51,Sola,26,VU,1592705853,81,-13.88,167.55,80.22,20.2
52,Port Elizabeth,0,ZA,1592705834,87,-33.92,25.57,60.8,8.05
53,Puerto Ayora,82,EC,1592705652,96,-0.74,-90.35,69.01,9.19
54,Caravelas,1,BR,1592705856,88,-17.71,-39.25,70.47,4.34
55,Itoman,75,JP,1592705857,79,26.12,127.67,87.8,17.22
56,Mount Isa,0,AU,1592705858,28,-20.73,139.5,73.4,16.11
57,Baykit,76,RU,1592705820,46,61.67,96.37,67.19,2.37
58,Chui,99,UY,1592705861,93,-33.7,-53.46,57.27,9.53
59,San Ramon,1,US,1592705712,49,37.78,-121.98,73.99,11.41
60,Leopold,90,AU,1592705863,100,-38.18,144.47,52.0,4.7
61,Naryan-Mar,100,RU,1592705864,82,67.67,53.09,40.71,17.4
62,Ushuaia,75,AR,1592705865,88,-54.8,-68.3,37.4,8.05
63,Okato,64,NZ,1592705866,86,-39.2,173.88,55.99,4.0
64,Sinnamary,100,GF,1592705867,86,5.38,-52.95,78.35,8.52
65,Tegul'det,100,RU,1592705868,49,57.31,88.17,57.02,2.84
66,Yerbogachën,0,RU,1592705869,51,61.28,108.01,74.46,6.38
67,Alta Floresta,26,BR,1592705870,74,-9.88,-56.09,72.68,3.24
68,Kula,10,TR,1592705872,60,38.55,28.65,63.59,1.5
69,Jamestown,20,US,1592705791,88,42.1,-79.24,73.0,5.82
70,Portland,90,US,1592705585,72,45.52,-122.68,69.01,6.04
71,Hong Kong,86,HK,1592705875,76,22.29,114.16,91.0,8.99
72,Saint Paul Harbor,90,US,1592705876,81,57.79,-152.41,53.6,13.87
73,Thompson,75,CA,1592705640,100,55.74,-97.86,50.0,10.29
74,Mataura,2,NZ,1592705878,71,-46.19,168.86,46.36,2.89
75,Östersund,1,SE,1592705879,54,63.18,14.64,59.0,11.41
76,Severo-Kuril'sk,100,RU,1592705655,88,50.68,156.12,43.86,19.73
77,Pevek,51,RU,1592705804,71,69.7,170.31,43.83,6.24
78,Dikson,100,RU,1592705882,86,73.51,80.55,35.58,22.91
79,Ushtobe,0,KZ,1592705883,26,45.25,77.98,66.92,8.25
80,Thunder Bay,90,CA,1592705814,77,48.4,-89.32,62.01,9.17
81,Sørland,45,NO,1592705886,69,67.67,12.69,58.1,9.69
82,Butaritari,100,KI,1592705887,76,3.07,172.79,83.8,12.33
83,Riviera Beach,75,US,1592705700,78,26.78,-80.06,82.4,4.7
84,Kaitangata,34,NZ,1592705889,68,-46.28,169.85,48.0,3.0
85,Waddān,0,LY,1592705890,53,29.16,16.14,71.69,12.48
86,Hilo,75,US,1592705891,54,19.73,-155.09,82.4,9.17
87,Lodja,5,CD,1592705892,62,-3.48,23.43,70.59,0.56
88,Sobolevo,97,RU,1592705893,97,54.43,31.9,62.56,9.78
89,Otjimbingwe,0,NA,1592705894,44,-22.35,16.13,50.94,4.97
90,Coquimbo,73,CL,1592705632,93,-29.95,-71.34,53.6,4.7
91,Grand Gaube,15,MU,1592705897,88,-20.01,57.66,69.01,7.0
92,Yumen,100,CN,1592705898,41,40.28,97.2,70.3,11.72
93,Aksu,0,CN,1592705899,20,41.12,80.26,75.72,5.12
94,George Town,20,MY,1592705602,83,5.41,100.34,86.0,5.82
95,Saint Anthony,1,US,1592705805,56,45.02,-93.22,71.01,3.36
96,Sitka,75,US,1592705902,87,57.05,-135.33,50.0,5.66
97,Adrar,46,MR,1592705903,16,20.5,-10.07,97.99,8.37
98,Te Anau,1,NZ,1592705869,62,-45.42,167.72,45.28,0.69
99,Tutóia,3,BR,1592705905,86,-2.76,-42.27,76.8,8.1
100,Wamba,60,NG,1592705838,92,8.93,8.6,72.01,1.92
101,Wajir,49,KE,1592705907,65,1.75,40.06,74.73,14.67
102,Taoudenni,1,ML,1592705909,9,22.68,-3.98,98.04,7.61
103,Constitución,19,CL,1592705910,87,-35.33,-72.42,52.95,1.86
104,Abu Samrah,0,SY,1592705911,63,35.3,37.18,68.67,13.4
105,Caucayá,95,CO,1592705912,98,-0.19,-74.78,72.73,1.21
106,Sibolga,44,ID,1592705867,65,1.74,98.78,84.24,0.56
107,Ostrovnoy,8,RU,1592705862,81,68.05,39.51,43.29,8.12
108,Nelson Bay,90,AU,1592705915,93,-32.72,152.15,55.99,8.14
109,Santa Vitória do Palmar,96,BR,1592705916,93,-33.52,-53.37,57.78,11.1
110,Auki,100,SB,1592705917,66,-8.77,160.7,85.68,3.13
111,College,90,US,1592705918,77,64.86,-147.8,62.6,14.99
112,Mar del Plata,100,AR,1592705919,93,-38.0,-57.56,52.0,9.13
113,Muli,98,MV,1592705920,77,2.92,73.57,83.32,11.5
114,Norman Wells,90,CA,1592705922,88,65.28,-126.83,62.6,8.05
115,Faanui,100,PF,1592705923,81,-16.48,-151.75,79.41,11.81
116,Sumbe,0,AO,1592705924,76,-11.21,13.84,69.75,6.33
117,Bredasdorp,0,ZA,1592705743,87,-34.53,20.04,55.4,5.39
118,Nouadhibou,0,MR,1592705926,61,20.93,-17.03,77.0,17.22
119,Tanabe,75,JP,1592705927,69,33.73,135.37,77.0,3.36
120,Lebu,0,CL,1592705928,80,-37.62,-73.65,49.62,1.79
121,Saskylakh,100,RU,1592705929,39,71.92,114.08,78.51,6.26
122,Carnarvon,0,AU,1592705634,68,-24.87,113.63,68.0,4.7
123,Altamira,0,BR,1592705771,96,-3.2,-52.21,71.8,2.66
124,Haapiti,75,PF,1592705933,70,-17.57,-149.87,84.2,6.93
125,Trojas,25,HN,1592705934,85,15.35,-86.7,73.18,1.23
126,Kavieng,7,PG,1592705935,66,-2.57,150.8,85.37,1.57
127,Comiso,0,IT,1592705936,58,36.95,14.61,64.99,3.36
128,Henties Bay,17,NA,1592705937,45,-22.12,14.28,59.0,5.57
129,Ilulissat,71,GL,1592705938,49,69.22,-51.1,46.4,6.93
130,Tura,3,IN,1592705939,81,25.52,90.22,80.87,5.53
131,Saint George,1,US,1592705940,7,37.1,-113.58,97.0,11.41
132,Ballina,40,AU,1592705941,72,-28.87,153.57,71.01,6.93
133,Diapaga,93,BF,1592705942,59,12.07,1.79,81.46,9.31
134,Novyy Svit,84,UA,1592705944,82,47.81,38.02,63.72,7.16
135,East London,0,ZA,1592705945,27,-33.02,27.91,72.5,15.12
136,Grindsted,98,DK,1592705946,87,55.75,8.91,55.4,4.7
137,New Norfolk,100,AU,1592705947,92,-42.78,147.06,48.99,1.28
138,Uray,36,RU,1592705948,69,60.12,64.78,46.98,11.9
139,Blackwater,67,AU,1592705949,48,-23.58,148.88,70.0,4.18
140,Faya,100,SA,1592705950,45,18.39,42.45,69.8,3.69
141,Kilindoni,97,TZ,1592705951,78,-7.91,39.67,77.56,23.04
142,Mahébourg,75,MU,1592705952,100,-20.41,57.7,68.0,12.75
143,Hay River,20,CA,1592705768,25,60.82,-115.8,86.0,12.75
144,Mpongwe,0,ZM,1592705954,91,-13.51,28.16,46.8,3.27
145,Tuktoyaktuk,90,CA,1592705956,87,69.45,-133.04,42.8,11.41
146,Cidreira,0,BR,1592705957,85,-30.18,-50.21,66.18,10.78
147,Bengkulu,100,ID,1592705958,79,-3.8,102.27,79.41,1.97
148,Bereda,62,ES,1592705959,1,43.27,-7.54,62.01,3.0
149,Magistral'nyy,0,RU,1592705960,45,56.17,107.45,73.15,5.57
150,Chokurdakh,0,RU,1592705961,17,70.63,147.92,91.18,8.16
151,Aliwal North,0,ZA,1592705962,75,-30.69,26.71,38.08,4.23
152,Atuona,0,PF,1592705963,66,-9.8,-139.03,80.24,11.83
153,Guerrero Negro,0,MX,1592705964,77,27.98,-114.06,64.92,19.91
154,Yar-Sale,93,RU,1592705965,78,66.83,70.83,48.25,9.93
155,Vardø,0,NO,1592705966,81,70.37,31.11,45.01,5.97
156,Sukabumi,90,ID,1592705968,72,-6.92,106.93,78.37,1.52
157,Konstantinovka,100,RU,1592705969,91,49.62,127.98,56.75,12.71
158,Campo Grande,0,BR,1592705970,63,-20.44,-54.65,64.4,4.7
159,Tema,20,GH,1592705971,94,5.67,-0.02,73.4,8.05
160,Port Victoria,100,KE,1592705972,81,0.09,33.98,66.69,7.18
161,Khatanga,57,RU,1592705973,44,71.97,102.5,67.8,12.53
162,Nome,90,US,1592705974,82,64.5,-165.41,62.01,11.41
163,Viedma,95,AR,1592705975,58,-40.81,-63.0,51.94,22.39
164,Qaanaaq,40,GL,1592705708,73,77.48,-69.36,38.46,7.63
165,Castro,0,BR,1592705977,86,-24.79,-50.01,56.62,3.89
166,Arraial do Cabo,0,BR,1592705978,87,-22.97,-42.03,73.8,12.41
167,Saint-Philippe,90,RE,1592705864,72,-21.36,55.77,71.6,8.05
168,Marsabit,27,KE,1592705981,87,2.33,37.99,61.38,10.67
169,Cabo San Lucas,40,MX,1592705735,35,22.89,-109.91,89.6,12.75
170,Carman,40,CA,1592705983,100,49.5,-98.0,62.6,11.88
171,Kichera,0,RU,1592705984,37,55.94,110.1,72.07,1.81
172,Seoul,0,KR,1592705708,57,37.57,126.98,82.4,3.36
173,Beyneu,98,KZ,1592705986,23,45.32,55.2,73.38,13.62
174,Vestmanna,57,FO,1592705987,93,62.16,-7.17,51.8,14.99
175,Tsévié,20,TG,1592705988,94,6.43,1.21,73.4,6.93
176,Magburaka,77,SL,1592705989,96,8.72,-11.95,72.46,1.23
177,Suntar,49,RU,1592705832,46,62.14,117.63,77.11,6.26
178,Kununurra,31,AU,1592705758,30,-15.77,128.73,86.0,18.34
179,Geraldton,0,AU,1592705993,63,-28.77,114.6,62.6,2.24
180,Huesca,0,ES,1592705757,93,42.14,-0.41,66.0,3.36
181,Bonfim,64,BR,1592705995,86,3.08,-59.95,76.51,4.25
182,Laas,90,IT,1592705996,81,46.62,10.7,50.0,9.17
183,Jamshedpur,75,IN,1592705997,94,22.8,86.18,80.6,3.36
184,Midland,1,US,1592705836,45,32.0,-102.08,86.0,17.22
185,Arica,90,CL,1592705985,72,-18.48,-70.3,62.6,3.36
186,Igrim,9,RU,1592705851,70,63.19,64.42,47.1,4.05
187,Beringovskiy,0,RU,1592705828,59,63.05,179.32,45.86,9.19
188,Ancud,3,CL,1592706002,100,-41.87,-73.82,42.01,8.05
189,Vaini,75,TO,1592706003,88,-21.2,-175.2,77.0,8.05
190,Curanilahue,14,CL,1592706004,91,-37.47,-73.35,44.08,1.41
191,Tibiri,5,NE,1592706006,46,13.56,7.05,86.88,9.86
192,Derzhavīnsk,0,KZ,1592706007,36,51.1,66.32,63.66,17.22
193,Kirkwall,0,GB,1592706008,87,58.98,-2.96,53.6,16.11
194,Meybod,0,IR,1592706009,14,32.25,54.02,81.1,3.49
195,Parkes,4,AU,1592706010,61,-33.13,148.18,60.01,11.59
196,Antón Lizardo,40,MX,1592706011,78,19.05,-95.98,84.0,4.7
197,Salalah,90,OM,1592706012,88,17.02,54.09,82.4,2.24
198,Manggar,100,ID,1592706013,80,-2.88,108.27,81.91,10.98
199,Leningradskiy,0,RU,1592706014,45,69.38,178.42,59.05,4.12
200,São Miguel do Araguaia,0,BR,1592706015,59,-13.28,-50.16,71.58,3.36
201,Oktyabr'skoye,36,RU,1592706016,100,43.06,44.74,62.01,6.71
202,Husavik,0,IS,1592706017,62,66.04,-17.34,53.6,21.92
203,Teya,100,RU,1592706018,86,60.38,92.63,44.42,4.36
204,Ust'-Omchug,0,RU,1592706020,31,61.15,149.63,67.26,1.81
205,San Antonio,1,US,1592705992,66,29.42,-98.49,88.0,13.87
206,São Filipe,2,CV,1592706022,82,14.9,-24.5,75.15,9.66
207,Mossamedes,0,AO,1592706023,57,-15.2,12.15,68.34,2.33
208,Morón,100,AR,1592705865,98,-34.65,-58.62,55.0,5.01
209,Saldanha,0,ZA,1592706025,93,-33.01,17.94,57.2,9.17
210,Santa Cruz de Tenerife,90,ES,1592706026,82,28.47,-16.25,66.0,14.99
211,Tuatapere,6,NZ,1592706027,69,-46.13,167.68,46.54,3.53
212,Torbay,40,CA,1592706028,93,47.67,-52.73,42.01,3.36
213,Souillac,75,MU,1592706029,100,-20.52,57.52,68.0,12.75
214,Kamenka,65,RU,1592706030,72,51.32,42.77,70.0,1.99
215,Riyadh,73,SA,1592705769,30,24.69,46.72,84.2,3.6
216,Klyuchi,2,RU,1592706033,40,52.27,79.17,55.96,6.69
217,Esperance,0,AU,1592705960,93,-33.87,121.9,46.4,10.29
218,Srednekolymsk,22,RU,1592706035,21,67.45,153.68,89.31,9.17
219,Vostok,100,RU,1592706036,99,46.49,135.88,49.66,5.77
220,Xai-Xai,0,MZ,1592706037,91,-25.05,33.64,60.73,2.89
221,Hervey Bay,75,AU,1592705749,68,-25.3,152.85,75.0,5.82
222,Kalmunai,100,LK,1592706039,68,7.42,81.82,83.1,3.15
223,Porto-Novo,20,BJ,1592706040,100,6.5,2.6,75.2,1.12
224,Turukhansk,1,RU,1592706041,56,65.82,87.98,53.94,16.91
225,Golden,75,US,1592705939,20,39.76,-105.22,79.0,4.7
226,Bafatá,99,GW,1592706043,87,12.17,-14.75,78.21,2.86
227,Krasnyy Kut,0,RU,1592706045,62,50.95,46.97,65.98,6.04
228,Nuuk,100,GL,1592706046,93,64.18,-51.72,37.4,9.17
229,Challans,90,FR,1592706047,93,46.84,-1.87,62.01,8.05
230,Harper,93,LR,1592706048,86,4.38,-7.72,77.07,8.97
231,Vanimo,8,PG,1592706049,65,-2.67,141.3,86.31,5.48
232,Tsimmerbude,75,RU,1592706050,100,54.67,20.13,62.6,4.43
233,Jatāra,34,IN,1592706051,47,25.02,79.05,91.74,11.68
234,Kasempa,0,ZM,1592706052,77,-13.46,25.83,47.5,5.37
235,Amambai,0,BR,1592706053,62,-23.1,-55.23,64.94,7.18
236,Assiniboia,6,CA,1592706054,62,49.63,-105.98,58.69,10.51
237,Yulara,0,AU,1592706055,35,-25.24,130.99,57.2,6.93
238,Zabul Province,0,AF,1592706057,18,32.25,67.25,74.03,4.76
239,Salmon Creek,90,US,1592706058,72,45.71,-122.65,68.0,5.19
240,Nongstoin,43,IN,1592706059,84,25.52,91.27,71.83,4.36
241,Safaga,0,EG,1592706060,42,26.73,33.94,80.6,17.22
242,Preeceville,88,CA,1592706061,85,51.95,-102.67,49.06,6.67
243,Tautira,75,PF,1592706062,70,-17.73,-149.15,84.2,6.93
244,Marawi,84,PH,1592706063,79,8.0,124.29,84.99,5.01
245,Tabuk,3,PH,1592706064,68,17.42,121.44,85.89,4.92
246,Hamilton,20,US,1592706065,73,39.18,-84.53,79.0,3.36
247,Rawson,100,AR,1592706066,63,-43.3,-65.1,51.15,23.64
248,Baruun-Urt,100,MN,1592706067,67,46.68,113.28,65.39,16.2
249,Porbandar,43,IN,1592706069,73,21.64,69.61,86.16,14.2
250,Broome,90,US,1592706070,88,42.25,-75.83,69.01,4.7
251,Cadillac,75,US,1592706071,60,44.25,-85.4,73.4,5.82
252,Kaeo,69,NZ,1592706072,3,-35.1,173.78,61.0,5.01
253,San Patricio,52,MX,1592706073,64,19.22,-104.7,80.47,2.01
254,The Valley,20,AI,1592706074,79,18.22,-63.06,84.2,12.75
255,Maceió,75,BR,1592705951,94,-9.67,-35.74,73.4,6.93
256,Bizhbulyak,91,RU,1592706064,96,53.7,54.26,58.1,7.11
257,Padang,99,ID,1592705961,60,-0.95,100.35,84.34,0.31
258,Mahajanga,40,MG,1592705851,78,-15.72,46.32,71.6,6.93
259,Fort Nelson,75,CA,1592706079,44,58.81,-122.7,77.0,5.82
260,Kipini,100,KE,1592706081,75,-2.53,40.53,78.53,20.6
261,Solnechnyy,100,RU,1592705800,52,50.72,136.63,62.47,6.42
262,Necochea,100,AR,1592706083,91,-38.55,-58.74,46.0,6.42
263,Thiene,100,IT,1592706084,72,45.71,11.48,64.0,4.79
264,San Rafael,16,AR,1592706009,46,-34.62,-68.33,52.25,5.26
265,Pozo Colorado,0,PY,1592706086,58,-23.49,-58.8,75.94,8.19
266,Vallenar,0,CL,1592706087,49,-28.57,-70.76,62.49,1.92
267,Touros,0,BR,1592706088,100,-5.2,-35.46,71.6,4.7
268,Teknāf,30,BD,1592706090,82,20.86,92.31,83.07,14.9
269,Charters Towers,54,AU,1592706091,59,-20.1,146.27,71.51,9.84
270,Koungou,75,YT,1592706092,78,-12.73,45.2,77.0,20.8
271,Petatlán,100,MX,1592706093,63,17.52,-101.27,82.24,3.04
272,Talnakh,40,RU,1592706094,76,69.49,88.4,48.2,13.42
273,Bambous Virieux,75,MU,1592706095,100,-20.34,57.76,69.01,12.75
274,Yabrūd,0,SY,1592706096,72,33.97,36.66,64.4,11.41
275,Richards Bay,0,ZA,1592706098,81,-28.78,32.04,58.32,5.88
276,Zyryanka,0,RU,1592706099,23,65.75,150.85,87.28,16.96
277,Kirensk,2,RU,1592706100,40,57.79,108.11,76.64,5.41
278,Qingyuan,40,CN,1592706101,62,23.7,113.03,87.8,8.95
279,Fukuechō,100,JP,1592706102,78,32.69,128.84,73.4,11.41
280,Sistranda,7,NO,1592706103,82,63.73,8.83,60.8,2.24
281,Dubbo,75,AU,1592705996,72,-32.25,148.62,59.0,13.87
282,Oodweyne,50,SO,1592706105,60,9.41,45.06,72.23,15.12
283,Iquitos,40,PE,1592706106,92,-3.75,-73.25,73.0,0.67
284,Buraidah,0,SA,1592705868,32,26.33,43.98,80.6,12.75
285,Tunceli,40,TR,1592706109,93,39.11,39.55,55.4,3.36
286,Muhos,5,FI,1592706110,81,64.81,25.99,53.6,5.82
287,Bandarbeyla,82,SO,1592706111,64,9.49,50.81,80.78,25.05
288,Hasaki,75,JP,1592706112,78,35.73,140.83,79.0,11.41
289,Qasigiannguit,100,GL,1592706113,49,68.82,-51.19,46.4,6.93
290,Mahon,0,ES,1592706114,93,39.89,4.27,64.4,4.7
291,Upernavik,0,GL,1592706115,73,72.79,-56.15,39.76,8.52
292,Yangi Marg`ilon,0,UZ,1592706116,22,40.43,71.72,77.0,2.24
293,East Grinstead,100,GB,1592706118,87,51.12,-0.01,59.0,3.36
294,Narsaq,81,GL,1592706119,61,60.92,-46.05,46.4,4.7
295,Dovers,100,VC,1592706120,79,12.88,-61.18,82.17,20.65
296,Anqiu,0,CN,1592706121,45,36.43,119.19,82.38,10.6
297,San Cristobal,62,VE,1592705841,90,7.77,-72.22,64.89,3.69
298,Airai,0,TL,1592706123,63,-8.93,125.41,69.53,4.59
299,Marzuq,9,YE,1592706124,34,14.4,46.47,81.25,4.21
300,Okhotsk,85,RU,1592706125,80,59.38,143.3,50.97,4.07
301,Safi,0,MA,1592706126,78,32.3,-9.24,67.68,12.39
302,Los Llanos de Aridane,90,ES,1592706127,64,28.66,-17.92,71.6,14.99
303,Warri,99,NG,1592706129,93,5.52,5.75,75.63,4.52
304,Barnstaple,100,GB,1592706130,96,51.08,-4.06,57.99,10.0
305,Mauá,0,BR,1592706008,60,-23.67,-46.46,69.01,1.12
306,Shelburne,20,CA,1592706132,73,44.08,-80.2,73.99,1.86
307,Delhi,75,IN,1592706068,88,28.67,77.22,95.0,2.24
308,Kyshtovka,93,RU,1592706134,67,56.55,76.63,51.3,15.1
309,Aykhal,20,RU,1592706135,33,66.0,111.5,75.2,4.47
310,Canmore,75,CA,1592706136,59,51.08,-115.35,64.4,4.18
311,Anadyr,75,RU,1592706137,63,64.75,177.48,60.8,8.95
312,Presidente Olegário,0,BR,1592706138,100,-18.42,-46.42,57.99,3.15
313,Bajil,71,YE,1592706139,48,15.06,43.29,86.74,8.88
314,Farafangana,100,MG,1592706141,89,-22.82,47.83,65.64,9.6
315,Severnyy,40,RU,1592706142,72,50.68,36.55,68.0,6.71
316,Gorgan,40,IR,1592706143,78,36.84,54.43,77.0,4.7
317,Kloulklubed,75,PW,1592706144,74,7.04,134.26,86.0,9.17
318,Būkān,0,IR,1592706145,47,36.52,46.21,59.22,5.01
319,Black River,20,JM,1592706146,83,18.03,-77.85,84.2,6.93
320,Flinders,39,AU,1592706147,77,-34.58,150.86,63.0,13.0
321,Cap Malheureux,11,MU,1592706148,88,-19.98,57.61,69.01,10.0
322,Thung Song,20,TH,1592706149,89,8.16,99.68,84.2,3.36
323,Port Macquarie,100,AU,1592706150,82,-31.43,152.92,62.01,8.1
324,Tombouctou,0,ML,1592706152,17,20.0,-3.0,94.3,9.6
325,Samoded,48,RU,1592706153,82,63.61,40.51,42.93,4.12
326,Pisco,75,PE,1592706154,82,-13.7,-76.22,64.4,8.05
327,Nālūt,0,LY,1592706155,40,30.33,10.85,69.1,13.22
328,La Palma,20,US,1592706156,60,33.85,-118.05,73.0,11.41
329,Arman',14,RU,1592706157,64,59.7,150.17,58.44,6.78
330,Kampong Thom,100,KH,1592706158,73,12.71,104.89,84.63,1.54
331,Felipe Carrillo Puerto,0,MX,1592706159,92,19.58,-88.05,75.99,2.82
332,Kimbe,16,PG,1592706160,58,-5.55,150.14,89.91,3.89
333,Ahipara,69,NZ,1592706161,78,-35.17,173.17,60.55,9.42
334,Bireun,99,ID,1592706162,69,5.2,96.7,83.08,2.42
335,Jacareacanga,68,BR,1592706164,67,-6.22,-57.75,79.23,1.86
336,Kutum,7,SD,1592706165,21,14.2,24.67,71.1,5.1
337,El Fuerte,0,MX,1592706166,29,26.42,-108.62,93.31,9.4
338,Basoko,92,CD,1592706167,80,1.24,23.62,72.18,1.21
339,Kiryat Gat,3,IL,1592706168,90,31.61,34.76,71.01,5.91
340,Toora-Khem,76,RU,1592706169,62,52.47,96.11,61.23,4.81
341,Dwārka,21,IN,1592706170,73,22.24,68.97,86.59,12.97
342,Progress,1,US,1592706171,73,40.29,-76.83,73.4,4.7
343,Half Moon Bay,90,US,1592706115,93,37.46,-122.43,66.99,4.7
344,Kruisfontein,41,ZA,1592706173,95,-34.0,24.73,54.84,7.11
345,Ormara,48,PK,1592706174,76,25.21,64.64,85.03,10.29
346,Gizo Government Station,43,SB,1592706176,72,-8.1,156.84,84.4,6.78
347,Mittagong,17,AU,1592706051,77,-34.45,150.45,63.0,13.0
348,Krasnosel'kup,9,RU,1592706178,65,65.7,82.47,51.75,18.48
349,Namatanai,48,PG,1592706179,70,-3.67,152.43,84.87,0.94
350,Talara,48,PE,1592706180,84,-4.58,-81.27,66.16,15.77
351,Cabedelo,20,BR,1592706181,94,-6.98,-34.83,73.4,4.7
352,Benito Juarez,90,MX,1592706142,63,19.39,-99.17,68.0,5.55
353,Vila Velha,0,BR,1592706041,83,-20.33,-40.29,71.6,9.17
354,Cockburn Town,46,TC,1592706184,80,21.46,-71.14,82.67,18.75
355,São João da Barra,0,BR,1592706185,89,-21.64,-41.05,72.84,10.51
356,Tabas,7,IR,1592706186,11,33.6,56.92,89.6,2.24
357,Makakilo City,75,US,1592705964,48,21.35,-158.09,87.8,9.17
358,Oyama,75,JP,1592706189,77,36.3,139.8,78.01,10.29
359,Kaseda-shirakame,90,JP,1592706190,88,31.42,130.32,69.8,13.87
360,La Santisima Trinidad,15,BO,1592705933,74,-14.83,-64.9,75.31,2.84
361,Pemberton,40,CA,1592706003,72,50.32,-122.8,64.4,4.7
362,Isangel,14,VU,1592706193,71,-19.55,169.27,74.66,15.79
363,Codajás,18,BR,1592706194,79,-3.84,-62.06,76.1,2.17
364,Dalbandin,0,PK,1592706195,22,28.89,64.41,84.02,5.46
365,Angoram,41,PG,1592706196,63,-4.06,144.07,89.47,2.33
366,Eatonton,0,US,1592706197,97,33.33,-83.39,77.0,4.32
367,Paragominas,0,BR,1592706198,92,-2.97,-47.48,73.22,3.89
368,Birao,0,CF,1592706200,76,10.28,22.79,76.32,7.38
369,Tatarskaya Kargala,0,RU,1592706201,59,51.95,55.17,60.8,4.47
370,Kabalo,0,CD,1592706202,60,-6.05,26.92,66.83,2.77
371,Rundu,0,NA,1592706203,61,-17.93,19.77,46.4,1.12
372,Aksay,0,RU,1592706204,60,47.26,39.87,68.0,6.71
373,Inuvik,90,CA,1592705973,71,68.35,-133.72,50.0,9.17
374,Newport,100,GB,1592706194,96,51.59,-3.0,57.0,3.0
375,Raudeberg,100,NO,1592706207,91,61.99,5.14,62.01,3.29
376,Solwezi,0,ZM,1592706188,80,-12.17,26.39,44.55,3.89
377,Fairbanks,90,US,1592706117,82,64.84,-147.72,62.6,3.47
378,Yeniseysk,100,RU,1592706210,97,58.45,92.17,46.09,9.42
379,Batticaloa,100,LK,1592706212,67,7.71,81.69,82.62,5.59
380,Tyup,0,KG,1592706213,51,42.73,78.36,58.66,0.92
381,Eisenach,20,DE,1592706214,75,50.98,10.32,57.0,2.68
382,Georgiyevskoye,0,RU,1592706215,74,58.73,45.02,44.55,7.14
383,Langham,75,CA,1592706216,62,52.37,-106.97,55.4,11.41
384,Montevideo,90,UY,1592706192,87,-34.83,-56.17,53.6,28.86
385,Yibin,100,CN,1592706218,71,28.77,104.62,79.29,1.95
386,Nhulunbuy,0,AU,1592706219,61,-12.23,136.77,80.71,14.74
387,Jiazi,67,CN,1592706220,75,22.88,116.07,86.27,15.01
388,Ulladulla,54,AU,1592706222,55,-35.35,150.47,62.6,10.29
389,Ixtapa,40,MX,1592706223,69,20.7,-105.2,82.4,5.82
390,Tarko-Sale,100,RU,1592706224,85,64.92,77.78,50.0,19.89
391,Nueva Granada,100,CO,1592706225,91,9.8,-74.39,76.1,5.5
392,Annau,75,TM,1592706226,19,37.89,58.52,80.6,9.17
393,Uvat,0,RU,1592706227,83,59.14,68.9,47.26,6.11
394,Deputatsky,0,RU,1592706228,21,69.3,139.9,82.24,8.25
395,Paraopeba,0,BR,1592706229,77,-19.28,-44.4,66.2,9.17
396,Santa Rosa,20,PH,1592706230,66,14.31,121.11,91.0,4.7
397,Pachino,0,IT,1592706231,63,36.72,15.09,61.0,3.47
398,Pianoro,97,IT,1592706233,72,44.39,11.34,64.4,10.29
399,Palmas,99,BR,1592706234,78,-10.21,-48.36,71.6,4.7
400,Fare,81,PF,1592706235,80,-16.7,-151.02,80.08,12.15
401,Goderich,100,CA,1592706236,85,43.75,-81.72,73.99,4.0
402,Kattivākkam,90,IN,1592706237,70,13.22,80.32,86.0,5.82
403,Yashalta,100,RU,1592705944,85,46.34,42.28,67.19,8.97
404,Broken Hill,90,AU,1592706239,66,-31.95,141.43,53.6,23.04
405,Margate,100,GB,1592706240,87,51.38,1.39,60.01,1.99
406,Itarema,0,BR,1592706241,79,-2.92,-39.92,78.3,13.49
407,Lata,0,PT,1592706242,97,40.16,-8.33,62.01,1.99
408,Edelira,0,PY,1592706244,76,-26.75,-55.27,68.72,6.76
409,Strathpeffer,99,GB,1592706245,71,57.59,-4.54,57.99,3.36
410,Alofi,100,NU,1592706246,78,-19.06,-169.92,78.8,16.11
411,Zabid,0,YE,1592706247,63,14.2,43.32,86.38,11.48
412,Vikulovo,82,RU,1592706248,92,56.82,70.61,54.82,6.78
413,La Ronge,90,CA,1592706249,62,55.1,-105.28,53.6,3.36
414,Cabras,0,IT,1592706250,89,39.93,8.53,61.0,4.0
415,Egvekinot,30,RU,1592706251,39,66.32,-179.17,58.8,4.18
416,Morgan City,1,US,1592706252,88,29.7,-91.21,80.6,6.04
417,North Las Vegas,1,US,1592706153,8,36.2,-115.12,102.2,13.87
418,Nicolás Bravo,0,MX,1592706255,94,18.45,-88.92,75.76,2.93
419,Batagay-Alyta,0,RU,1592706256,21,67.8,130.41,84.83,4.72
420,São Félix do Xingu,27,BR,1592706146,86,-6.64,-51.99,71.53,2.24
421,Wagar,65,SD,1592706258,41,16.15,36.2,88.68,17.49
422,City of San Pedro,20,PH,1592706259,66,14.35,121.02,91.0,4.7
423,Burley,20,US,1592706260,39,42.54,-113.79,78.8,3.36
424,Ardakān,0,IR,1592706261,13,32.31,54.02,81.59,4.36
425,Sterling,40,US,1592706262,88,39.01,-77.43,70.0,4.7
426,Shagonar,58,RU,1592706263,64,51.53,92.8,62.51,1.19
427,Marshalltown,1,US,1592706024,88,42.05,-92.91,72.0,5.82
428,Verkhnyaya Inta,94,RU,1592706265,74,65.98,60.31,48.06,14.63
429,Samarai,31,PG,1592706267,84,-10.62,150.67,79.77,9.44
430,Mahibadhoo,100,MV,1592706268,75,3.78,72.97,83.62,11.54
431,Castel San Pietro Terme,84,IT,1592706269,72,44.4,11.58,64.4,10.29
432,Kemijärvi,0,FI,1592706270,54,66.71,27.43,52.63,0.38
433,Lagoa,0,PT,1592706271,92,39.05,-27.98,65.35,15.61
434,Mayo,1,US,1592706242,88,38.89,-76.51,72.0,6.93
435,Barcelos,75,PT,1592706273,93,41.54,-8.62,62.01,2.62
436,Sorong,0,ID,1592706274,70,-0.88,131.25,84.74,7.14
437,Gigmoto,74,PH,1592706275,69,13.78,124.39,86.65,5.21
438,Innisfail,100,AU,1592706276,91,-17.53,146.03,70.14,9.73
439,Eidsvåg,99,NO,1592706277,77,62.78,8.07,64.4,4.7
440,Kysyl-Syr,100,RU,1592706278,36,63.9,122.76,80.94,4.21
441,Paramonga,55,PE,1592706280,87,-10.67,-77.83,61.83,6.42
442,Maracaju,0,BR,1592706281,57,-21.61,-55.17,67.48,7.11
443,Tekkali,99,IN,1592706282,68,18.62,84.23,83.52,4.38
444,Podlesnoye,0,RU,1592706283,77,51.82,47.01,65.39,4.03
445,Great Falls,20,US,1592706230,45,47.5,-111.3,66.99,20.8
446,Oyem,83,GA,1592706285,99,1.6,11.58,66.65,3.06
447,Atambua,0,ID,1592706286,55,-9.11,124.89,80.71,3.36
448,Dunedin,95,NZ,1592706287,76,-45.87,170.5,46.99,21.0
449,Laplace,40,US,1592706288,65,30.07,-90.48,82.4,9.17
450,Luang Prabang,40,LA,1592706289,78,19.89,102.13,82.4,2.24
451,Puerto Escondido,100,MX,1592706290,75,15.85,-97.07,82.67,1.23
452,Brownsville,1,US,1592706292,74,25.9,-97.5,82.4,10.29
453,Cherskiy,69,RU,1592706293,22,68.75,161.3,84.6,7.02
454,Kuntaur,40,GM,1592706294,69,13.67,-14.88,82.72,6.35
455,Acaraú,0,BR,1592706295,80,-2.89,-40.12,78.3,13.67
456,Xining,100,CN,1592706296,79,36.62,101.77,56.93,3.0
457,Vao,0,NC,1592706297,61,-22.67,167.48,68.54,12.17
458,Wanning,0,CN,1592706298,73,18.8,110.4,87.28,14.56
459,Camacha,40,PT,1592706290,72,33.08,-16.33,68.0,9.17
460,Sittwe,23,MM,1592706300,84,20.15,92.9,83.1,15.26
461,Galle,93,LK,1592706302,81,6.04,80.22,82.8,13.53
462,Noyabrsk,100,RU,1592706059,92,63.2,75.45,48.15,21.83
463,Bakhmach,90,UA,1592706304,86,51.18,32.76,64.85,9.37
464,Chernyshevsk,3,RU,1592706305,44,52.52,117.02,66.83,9.01
465,Zhicheng,100,CN,1592706306,97,30.3,111.5,70.0,4.21
466,Pontian Kecil,20,MY,1592706307,88,1.48,103.39,80.6,3.36
467,Sabile,98,LV,1592706308,96,57.05,22.57,60.08,8.9
468,Lompoc,12,US,1592706185,77,34.64,-120.46,61.0,12.75
469,Nemuro,75,JP,1592706280,67,43.32,145.57,57.2,8.05
470,Kapoeta,37,SS,1592706311,78,4.77,33.59,71.98,6.04
471,Houma,1,US,1592706312,74,29.6,-90.72,80.01,3.36
472,Joensuu,1,FI,1592706314,81,62.6,29.76,50.0,5.82
473,Ropczyce,75,PL,1592706315,100,50.05,21.61,63.0,4.7
474,Santa Isabel Rio Negro,100,BR,1592706316,97,-0.41,-65.02,73.53,1.79
475,Ossora,0,RU,1592706317,62,59.24,163.07,61.92,7.96
476,Halifax,14,CA,1592706305,70,44.65,-63.57,62.01,1.01
477,Jumla,25,NP,1592706319,59,29.27,82.18,65.97,2.17
478,Lavrentiya,0,RU,1592706255,43,65.58,-171.0,56.34,16.4
479,Mogadishu,1,SO,1592706202,82,2.04,45.34,78.17,19.71
480,Santa Maria,0,BR,1592706090,57,-29.68,-53.81,80.6,13.87
481,Sandūr,100,IN,1592706323,75,15.1,76.55,76.32,16.87
482,Pangody,34,RU,1592706324,69,65.85,74.49,51.84,15.55
483,Lasem,0,ID,1592706326,66,-6.69,111.45,83.25,6.13
484,Port Pirie,96,AU,1592706327,58,-33.18,138.02,59.0,14.99
485,Moose Factory,90,CA,1592706328,100,51.26,-80.61,51.8,2.24
486,Shingū,75,JP,1592706329,69,33.73,135.98,77.0,3.36
487,Laguna,1,US,1592706164,39,38.42,-121.42,84.0,10.29
488,Garoowe,9,SO,1592706331,53,8.41,48.48,78.76,17.81
489,Tallahassee,40,US,1592706053,65,30.44,-84.28,80.6,3.36
490,St. George's,20,GD,1592706333,88,12.06,-61.75,82.4,14.99
491,Narasannapeta,97,IN,1592706334,67,18.42,84.05,83.73,4.88
492,Kaka,26,TM,1592706335,12,37.35,59.61,87.67,13.27
493,Sompeta,97,IN,1592706336,66,18.93,84.6,84.58,3.6
494,Guane,86,CU,1592706337,82,22.2,-84.09,79.74,1.07
495,Gbadolite,100,CD,1592706339,95,4.28,21.02,68.56,1.23
496,Takoradze,98,GH,1592706340,87,4.88,-1.76,77.0,10.98
497,Amapá,36,BR,1592706341,98,1.0,-52.0,72.61,1.95
498,Harrisonburg,90,US,1592706057,100,38.45,-78.87,69.01,0.13
499,Hirado,75,JP,1592706244,83,33.36,129.55,75.99,3.36
500,Naze,75,JP,1592706344,94,28.37,129.48,77.0,10.29
501,Mikhaylovka,97,RU,1592706345,47,50.06,43.24,75.0,10.0
502,Raymondville,1,US,1592706346,70,26.48,-97.78,84.2,11.41
503,Tarnos,100,FR,1592706347,87,43.54,-1.46,59.0,3.36
504,Óbidos,100,BR,1592706348,92,-1.92,-55.52,75.4,2.35
505,Mae Sai,20,TH,1592706350,74,20.43,99.88,86.0,8.05
506,Nizwá,1,OM,1592706351,47,22.93,57.53,84.24,1.41
507,Noumea,0,NC,1592706352,50,-22.28,166.46,75.2,8.05
508,Roverud,70,NO,1592706353,73,60.25,12.05,60.01,3.42
509,Pathein,25,MM,1592706306,74,16.78,94.73,85.17,5.57
510,Paamiut,89,GL,1592706355,87,61.99,-49.67,39.72,20.31
511,Daru,36,PG,1592706356,78,-9.08,143.21,80.67,13.18
512,San Vicente,0,AR,1592706357,78,-26.62,-54.13,66.99,6.85
513,Koslan,92,RU,1592706358,68,63.46,48.9,41.45,13.6
514,Santa Luzia,0,BR,1592706359,72,-19.77,-43.85,66.2,11.41
515,Grand-Santi,100,GF,1592706360,96,4.25,-54.38,73.38,1.97
516,Artur Nogueira,9,BR,1592706362,68,-22.57,-47.17,66.2,8.05
517,Meadow Lake,1,US,1592706363,9,34.8,-106.54,87.8,3.36
518,Laramie,20,US,1592706364,27,41.31,-105.59,66.99,8.05
519,Pembroke,1,CA,1592706365,65,45.82,-77.12,77.0,3.36
520,Ojinaga,1,MX,1592706366,14,29.57,-104.42,98.6,4.7
521,São José da Coroa Grande,9,BR,1592706367,84,-8.9,-35.15,75.63,11.36
522,Machala,40,EC,1592706368,78,-3.27,-79.97,77.0,4.68
523,San Jerónimo,21,PE,1592706369,71,-11.95,-75.28,47.26,3.51
524,Kumul,98,CN,1592706370,19,42.8,93.45,81.23,20.07
525,Dingle,48,PH,1592706371,65,11.0,122.67,88.27,6.98
526,Otradnoye,0,RU,1592706372,62,59.78,30.82,57.2,6.71
527,Almaznyy,0,RU,1592706373,60,48.04,40.05,68.0,6.71
528,Marsá Maţrūḩ,0,EG,1592706375,27,31.35,27.25,77.0,13.87
529,Abu Dhabi,20,AE,1592706196,79,24.47,54.37,86.0,3.36
530,Camacupa,0,AO,1592706377,54,-12.02,17.48,47.21,4.0
531,Banamba,3,ML,1592706269,38,13.55,-7.45,88.63,1.63
532,Aquin,25,HT,1592706379,82,18.28,-73.4,80.46,5.19
533,Nicoya,100,CR,1592706380,86,10.15,-85.45,76.84,4.32
534,Mayumba,68,GA,1592706381,89,-3.43,10.66,73.58,7.47
535,Seredka,0,RU,1592706382,77,58.16,28.19,59.0,6.71
536,Rome,20,US,1592706383,88,43.21,-75.46,71.01,3.36
537,Wolsztyn,100,PL,1592706384,97,52.12,16.12,60.01,3.0
538,Bubaque,99,GW,1592706385,79,11.28,-15.83,81.72,11.41
539,Haines Junction,33,CA,1592706281,55,60.75,-137.51,57.06,9.69
540,Šabac,75,RS,1592706388,93,44.75,19.69,60.8,8.05
541,Port Lincoln,91,AU,1592706389,65,-34.73,135.87,56.28,18.07
542,Huarmey,12,PE,1592706390,87,-10.07,-78.15,62.2,8.52
543,Chapais,75,CA,1592706241,77,49.78,-74.85,68.0,9.17
544,Aasiaat,82,GL,1592706392,85,68.71,-52.87,37.67,8.5
545,Šipovo,100,BA,1592706393,86,44.28,17.08,54.99,5.55
546,Hailar,69,CN,1592706394,42,49.2,119.7,69.46,10.89
547,Cayenne,75,GF,1592706395,100,4.93,-52.33,78.8,6.93
548,Basco,87,PH,1592706396,75,20.45,121.97,84.78,8.37
